draw,layer,Committee015,A_Stat,A_Dynamic,B_Stat
1200,A,0.28510087728500366,0.08685054630041122,0.48430612683296204,
1201,B,0.7445089817047119,,,-0.6950182914733887
1202,B,0.6040730476379395,,,-0.43702787160873413
1203,B,0.607033371925354,,,-0.3817724883556366
1204,A,-0.6897801756858826,-0.3965151011943817,1.356335163116455,
1205,B,-1.6286146640777588,,,-1.5068621635437012
1206,B,-0.16261297464370728,,,-1.8909298181533813
1207,A,-0.44530752301216125,-0.399926096200943,0.6919649243354797,
1208,A,-0.6408892273902893,-0.2613624632358551,-0.2116956263780594,
1209,B,-0.03823342174291611,,,-0.9875183701515198
1210,other,-3.1110262870788574,,,
1211,A,-0.9611968994140625,0.2790856957435608,1.2293989658355713,
1212,other,2.349177598953247,,,
1213,other,-0.15909148752689362,,,
1214,A,-0.3706984519958496,0.23509418964385986,0.16621115803718567,
1215,other,1.0566906929016113,,,
1216,B,-2.0537588596343994,,,-1.1160169839859009
1217,A,-1.4358972311019897,-1.2402859926223755,-0.6772368550300598,
1218,other,-5.718669891357422,,,
1219,A,-0.3330259323120117,0.7780147194862366,0.45379796624183655,
1220,B,-0.12457099556922913,,,-0.24549978971481323
1221,A,0.04638360068202019,-1.1828968524932861,-1.0048422813415527,
1222,A,0.5368391871452332,1.1377947330474854,0.25275033712387085,
1223,A,0.9810510873794556,0.012795740738511086,-0.16336095333099365,
1224,B,1.5756202936172485,,,0.6663104295730591
1225,B,0.6433340907096863,,,1.474524736404419
1226,A,-0.5792153477668762,-1.075972080230713,-0.4099156856536865,
1227,A,-0.2839674651622772,0.24200856685638428,1.2397552728652954,
1228,A,0.5043201446533203,0.24358628690242767,0.7691567540168762,
1229,B,1.4005366563796997,,,1.689935326576233
1230,A,0.21670673787593842,-0.9912992715835571,-1.1517692804336548,
1231,A,0.6536667346954346,0.6361879706382751,0.9629694223403931,
1232,A,0.7198359966278076,-0.32078781723976135,-0.5342904925346375,
1233,A,0.6955207586288452,0.6039154529571533,0.8679367899894714,
1234,A,-0.20732437074184418,-1.5515117645263672,-1.73929762840271,
1235,A,-1.6374015808105469,-2.69564151763916,-3.1008291244506836,
1236,other,-0.09572695940732956,,,
1237,B,0.05370134115219116,,,0.3830862045288086
1238,B,-0.5179430246353149,,,-0.39137160778045654
1239,B,-0.1795884221792221,,,0.8169217109680176
1240,B,0.373390793800354,,,-0.2606428861618042
1241,other,1.970663070678711,,,
1242,A,0.9307230710983276,1.3483009338378906,1.7459315061569214,
1243,A,0.2775976061820984,-0.6502952575683594,0.36571964621543884,
1244,B,2.2773284912109375,,,1.653706669807434
1245,other,0.8139827847480774,,,
1246,B,0.6886361241340637,,,0.9168105721473694
1247,A,-0.5254702568054199,-0.08192311972379684,0.6498159766197205,
1248,B,0.8608983755111694,,,0.3250778019428253
1249,A,0.26007145643234253,0.6862358450889587,1.3495948314666748,
1250,A,-0.12093910574913025,-0.6700633764266968,-0.10230756551027298,
1251,other,-3.0013058185577393,,,
1252,B,0.550654411315918,,,0.029481908306479454
1253,A,-0.4216931462287903,-1.0106258392333984,0.46961814165115356,
1254,A,-0.7195783257484436,-0.7244075536727905,-0.2813415229320526,
1255,B,2.1465306282043457,,,0.7021176218986511
1256,A,0.5909711718559265,0.19455313682556152,0.6061890125274658,
1257,A,-0.9641225337982178,0.4133381247520447,0.37226465344429016,
1258,B,0.19275927543640137,,,-0.774052083492279
1259,A,-1.353569746017456,-2.613809585571289,-2.58188533782959,
1260,A,0.19219399988651276,0.552242636680603,0.01686917059123516,
1261,other,0.7539455890655518,,,
1262,other,-0.7782090902328491,,,
1263,A,0.3379424810409546,0.8124379515647888,1.2750169038772583,
1264,A,-0.05360794812440872,1.165241003036499,0.8921494483947754,
1265,B,0.8831547498703003,,,0.5780774354934692
1266,A,0.634912371635437,0.8074591159820557,1.1839770078659058,
1267,B,-1.2252681255340576,,,-1.801332950592041
1268,A,-0.8451803922653198,0.0038790430407971144,0.45121318101882935,
1269,A,0.37926536798477173,0.568728506565094,0.5779133439064026,
1270,A,1.174044132232666,1.2496963739395142,0.991182804107666,
1271,B,0.7890993356704712,,,-0.8116663098335266
1272,B,0.2370641827583313,,,0.3548573851585388
1273,A,0.04841911792755127,-1.159361720085144,-1.8681126832962036,
1274,B,1.0491970777511597,,,0.42692530155181885
1275,other,1.1641985177993774,,,
1276,B,2.1644155979156494,,,1.6547178030014038
1277,A,-1.1771410703659058,-0.771858811378479,0.2916897237300873,
1278,A,0.19239214062690735,1.129068374633789,0.731560230255127,
1279,A,-0.7327612638473511,-0.8490020036697388,-0.35292428731918335,
1280,A,0.3855489194393158,-0.43726834654808044,-0.9109129309654236,
1281,A,-1.379136323928833,-0.7782440781593323,-0.39061540365219116,
1282,other,0.35524898767471313,,,
1283,A,1.9118342399597168,-0.002080779056996107,-0.13947126269340515,
1284,A,0.7426280379295349,1.072709321975708,0.15286335349082947,
1285,A,0.09130771458148956,0.6251363158226013,1.4919848442077637,
1286,other,0.7154397964477539,,,
1287,B,-1.4745814800262451,,,-1.3965508937835693
1288,A,-0.27817660570144653,-0.46092772483825684,-0.03267094865441322,
1289,B,1.1138365268707275,,,0.6429777145385742
1290,other,-6.887702465057373,,,
1291,B,0.9768030047416687,,,0.7246638536453247
1292,A,0.6731853485107422,1.8389118909835815,1.1574395895004272,
1293,A,0.5613192319869995,1.7210978269577026,0.9373277425765991,
1294,other,0.702679455280304,,,
1295,A,1.0780541896820068,0.9664438366889954,0.8078252077102661,
1296,A,1.030678391456604,1.1435267925262451,1.2345318794250488,
1297,A,-0.629998505115509,-1.3910235166549683,-1.262450098991394,
1298,B,0.5683640837669373,,,0.22654947638511658
1299,B,2.551473379135132,,,1.9416618347167969
1300,B,-0.07525646686553955,,,-0.08496721088886261
1301,B,-0.6298134922981262,,,-1.1963165998458862
1302,A,-0.6368125677108765,-1.4983443021774292,-2.139329195022583,
1303,other,0.3336349427700043,,,
1304,other,-0.785926342010498,,,
1305,A,-0.4633212387561798,1.4604493379592896,2.667039394378662,
1306,B,1.671803593635559,,,0.4027481973171234
1307,other,-2.207441806793213,,,
1308,A,-1.6388200521469116,-0.8873955011367798,0.14885136485099792,
1309,A,0.46170371770858765,0.525170087814331,-0.3547917604446411,
1310,B,0.38455086946487427,,,-0.38114991784095764
1311,A,-0.05660040304064751,-2.1242635250091553,-2.234316110610962,
1312,other,-0.02192014269530773,,,
1313,other,-0.24144946038722992,,,
1314,other,-0.9054192900657654,,,
1315,A,-0.4328538179397583,-0.3248240351676941,-0.23340876400470734,
1316,B,-0.26413577795028687,,,-0.5175146460533142
1317,other,1.3547965288162231,,,
1318,A,0.1536443680524826,0.3802430033683777,0.04437968507409096,
1319,A,0.2941285967826843,0.8448343873023987,1.6945308446884155,
1320,other,-0.3772195875644684,,,
1321,other,-0.3508372902870178,,,
1322,A,-1.3756225109100342,0.04219483211636543,0.774625837802887,
1323,A,-0.5300034880638123,-1.2993066310882568,-1.7014079093933105,
1324,A,0.006661832332611084,0.4412716329097748,0.29696419835090637,
1325,B,-0.04362180829048157,,,0.4331122934818268
1326,A,0.11360499262809753,0.6255297064781189,0.33014756441116333,
1327,B,0.5399523973464966,,,-0.139581561088562
1328,A,0.7189670205116272,1.5600659847259521,1.6855188608169556,
1329,other,-0.5393018126487732,,,
1330,A,0.7153968214988708,0.20510374009609222,-0.5679235458374023,
1331,A,-0.14271289110183716,-0.6129483580589294,-1.360033392906189,
1332,B,-1.530825138092041,,,-0.8281733393669128
1333,A,-0.07705812901258469,0.4800528883934021,0.7871262431144714,
1334,B,-0.25038811564445496,,,-0.9689233899116516
1335,other,-0.4252011179924011,,,
1336,other,0.1810230165719986,,,
1337,A,-0.4875614047050476,-1.1369364261627197,-2.280898094177246,
1338,B,1.7546392679214478,,,1.039136290550232
1339,A,1.7720307111740112,1.5574759244918823,0.8150464296340942,
1340,A,-1.2224876880645752,-1.4339759349822998,-1.573499321937561,
1341,A,-1.1707298755645752,0.11025536805391312,0.32660090923309326,
1342,A,0.6342353224754333,-0.3953968584537506,0.4839528799057007,
1343,A,1.7840125560760498,1.7837457656860352,1.385581135749817,
1344,B,0.5486481189727783,,,0.2284892499446869
1345,other,2.015280246734619,,,
1346,A,0.20224539935588837,1.0264724493026733,0.9112406373023987,
1347,A,1.2342333793640137,0.8250522017478943,0.5820197463035583,
1348,A,0.47693321108818054,0.8312256336212158,0.09502910077571869,
1349,A,0.14160744845867157,-0.973473310470581,-0.3371741473674774,
1350,A,-0.45096585154533386,-0.48804229497909546,-0.5562289953231812,
1351,A,0.3929840326309204,0.4967586398124695,0.7017973065376282,
1352,A,-0.9794931411743164,-0.8663429021835327,0.26552614569664,
1353,other,0.4495317339897156,,,
1354,other,-0.9456867575645447,,,
1355,A,-0.11453007161617279,0.4443555176258087,0.2552626132965088,
1356,B,-0.34732863306999207,,,0.21109619736671448
1357,B,0.8665308356285095,,,1.4088773727416992
1358,B,0.4885439872741699,,,0.3327758312225342
1359,A,0.32808810472488403,-0.01001004409044981,1.230040192604065,
1360,A,-0.06580303609371185,0.6108651161193848,1.0179518461227417,
1361,other,1.601021409034729,,,
1362,A,-0.5667714476585388,-1.3362821340560913,-1.7141917943954468,
1363,other,-0.24974572658538818,,,
1364,B,1.1691861152648926,,,1.1015903949737549
1365,A,-0.8203941583633423,1.2177060842514038,1.1077547073364258,
1366,A,0.5052672028541565,-0.3156241774559021,-0.13355442881584167,
1367,other,0.5533591508865356,,,
1368,B,0.20949909090995789,,,-0.3302266597747803
1369,other,-3.6367416381835938,,,
1370,B,0.10730137676000595,,,-0.40106961131095886
1371,A,-0.7437540292739868,0.16734173893928528,0.7471510767936707,
1372,A,0.5528133511543274,0.2674809992313385,0.23176391422748566,
1373,B,2.13332462310791,,,2.1612987518310547
1374,B,0.966063380241394,,,0.5074888467788696
1375,A,0.21305418014526367,-1.2270667552947998,-0.5300367474555969,
1376,A,1.6100523471832275,1.7828282117843628,1.114640474319458,
1377,A,0.27932116389274597,-0.33450600504875183,-0.6014676690101624,
1378,other,3.374368906021118,,,
1379,B,0.20036648213863373,,,0.5525438785552979
1380,A,-0.0985177606344223,-0.14862927794456482,0.5353408455848694,
1381,other,-1.2296875715255737,,,
1382,other,-0.3960741460323334,,,
1383,A,0.5625733733177185,-0.16300763189792633,1.1838651895523071,
1384,A,0.10617710649967194,0.7041845917701721,0.8701249957084656,
1385,A,0.37112724781036377,0.5767971277236938,0.3076331913471222,
1386,other,1.5781642198562622,,,
1387,A,0.14656274020671844,0.8833240866661072,0.7721495628356934,
1388,A,0.8881646394729614,0.8916831612586975,0.756699800491333,
1389,A,1.2089033126831055,1.7491422891616821,1.9301337003707886,
1390,B,0.714756429195404,,,1.0115869045257568
1391,A,0.040768325328826904,-0.3159272074699402,0.13541452586650848,
1392,B,1.1237431764602661,,,1.3926377296447754
1393,A,1.0825655460357666,1.3012075424194336,1.654710054397583,
1394,B,-1.2386398315429688,,,0.08921095728874207
1395,other,4.246807098388672,,,
1396,other,-0.9950652718544006,,,
1397,B,0.6466432213783264,,,0.7686400413513184
1398,B,2.398526668548584,,,1.7292425632476807
1399,other,-1.8092666864395142,,,
